machine,vibration_variability
Machine_1,14.391880221925256
Machine_2,14.002023028242103
Machine_3,13.86901612722609
