site,hour,avg_pressure
Site_A,20,1053.1783377308707
Site_B,20,1051.0326153846156
